org,drug_code,drug_name,drug_class,period,month,seasonal_deviate,sem
S. aureus,CIP,Ciprofloxacin,Quinolones,12,1,0.05053231411063472,0.02983780171888791
S. aureus,CIP,Ciprofloxacin,Quinolones,12,2,0.0639740485996028,0.03151255310394525
S. aureus,CIP,Ciprofloxacin,Quinolones,12,3,0.0856773646322174,0.029838380658138135
S. aureus,CIP,Ciprofloxacin,Quinolones,12,4,-0.004806848820836478,0.030159961946656138
S. aureus,CIP,Ciprofloxacin,Quinolones,12,5,0.002666414087387149,0.028859949381897693
S. aureus,CIP,Ciprofloxacin,Quinolones,12,6,-0.057980535378734786,0.028074324459369963
S. aureus,CIP,Ciprofloxacin,Quinolones,12,7,-0.03336251846882781,0.027098501472557178
S. aureus,CIP,Ciprofloxacin,Quinolones,12,8,-0.06583015555081094,0.026480298133280185
S. aureus,CIP,Ciprofloxacin,Quinolones,12,9,-0.04597240517285708,0.027113481406039697
S. aureus,CIP,Ciprofloxacin,Quinolones,12,10,-0.03257539627037528,0.027477186026238165
S. aureus,CIP,Ciprofloxacin,Quinolones,12,11,-0.014400467056191654,0.02851376078283196
S. aureus,CIP,Ciprofloxacin,Quinolones,12,12,0.047921693434984626,0.02884238780443496
S. aureus,ERY,Erythromycin,Macrolides,12,1,0.01734196918881174,0.03990993096471683
S. aureus,ERY,Erythromycin,Macrolides,12,2,0.048147163244688714,0.04199938895818028
S. aureus,ERY,Erythromycin,Macrolides,12,3,0.08956417204783787,0.03965546011650876
S. aureus,ERY,Erythromycin,Macrolides,12,4,0.019389475203703117,0.040872164545920374
S. aureus,ERY,Erythromycin,Macrolides,12,5,-0.01782423863462746,0.039031209068536875
S. aureus,ERY,Erythromycin,Macrolides,12,6,-0.11540732626479429,0.03854641584242425
S. aureus,ERY,Erythromycin,Macrolides,12,7,-0.00583683324015493,0.03711557688297336
S. aureus,ERY,Erythromycin,Macrolides,12,8,-0.05531524621126208,0.036655014357256384
S. aureus,ERY,Erythromycin,Macrolides,12,9,0.005203166054298532,0.03725713894797653
S. aureus,ERY,Erythromycin,Macrolides,12,10,-0.020420851669017956,0.037687534861865095
S. aureus,ERY,Erythromycin,Macrolides,12,11,3.8774666842062897e-4,0.03907690835606813
S. aureus,ERY,Erythromycin,Macrolides,12,12,0.03137934940973331,0.03897967520428228
S. aureus,NIT,Nitrofurantoin,Nitrofurans,12,1,0.015514696487026039,0.00963962520636889
S. aureus,NIT,Nitrofurantoin,Nitrofurans,12,2,0.029950697536183492,0.010255774436701512
S. aureus,NIT,Nitrofurantoin,Nitrofurans,12,3,0.03604170670382407,0.009661380510612494
S. aureus,NIT,Nitrofurantoin,Nitrofurans,12,4,0.04465029578952212,0.009823465449920608
S. aureus,NIT,Nitrofurantoin,Nitrofurans,12,5,-0.011858750592880322,0.009769712476684506
S. aureus,NIT,Nitrofurantoin,Nitrofurans,12,6,-0.013447249463546937,0.00931879574170584
S. aureus,NIT,Nitrofurantoin,Nitrofurans,12,7,-0.03755564827216998,0.009096613566198649
S. aureus,NIT,Nitrofurantoin,Nitrofurans,12,8,-0.047266070463250084,0.008980245898554055
S. aureus,NIT,Nitrofurantoin,Nitrofurans,12,9,-0.015571021704974609,0.008978876066444071
S. aureus,NIT,Nitrofurantoin,Nitrofurans,12,10,-0.002658939287212287,0.009235338583014728
S. aureus,NIT,Nitrofurantoin,Nitrofurans,12,11,0.011150464706600006,0.009684712443714914
S. aureus,NIT,Nitrofurantoin,Nitrofurans,12,12,-0.007596428727346279,0.009446076218595532
S. aureus,OXA,Oxacillin,Penicillins,12,1,0.03861289267404425,0.027908522441667118
S. aureus,OXA,Oxacillin,Penicillins,12,2,0.011057545698020194,0.029808899117520875
S. aureus,OXA,Oxacillin,Penicillins,12,3,0.0340184172669599,0.028009076070043656
S. aureus,OXA,Oxacillin,Penicillins,12,4,0.004883869251316227,0.028782849913445145
S. aureus,OXA,Oxacillin,Penicillins,12,5,-0.0305456223699014,0.027039778541129808
S. aureus,OXA,Oxacillin,Penicillins,12,6,-0.052130501022812734,0.026994836815072795
S. aureus,OXA,Oxacillin,Penicillins,12,7,0.004460037208877506,0.025901791148630716
S. aureus,OXA,Oxacillin,Penicillins,12,8,-0.047289891833796456,0.025197906889058378
S. aureus,OXA,Oxacillin,Penicillins,12,9,0.007154523696923422,0.025658511410767346
S. aureus,OXA,Oxacillin,Penicillins,12,10,-0.018786954879615753,0.025859421238802038
S. aureus,OXA,Oxacillin,Penicillins,12,11,0.0028654792375619608,0.02681767792011725
S. aureus,OXA,Oxacillin,Penicillins,12,12,0.04262705223753287,0.026790700087501517
S. aureus,PEN,Penicillin,Penicillins,12,1,0.020870996570685516,0.018955731072051382
S. aureus,PEN,Penicillin,Penicillins,12,2,-0.031654555214783844,0.02076675700938877
S. aureus,PEN,Penicillin,Penicillins,12,3,0.026275741933418643,0.01873366154093597
S. aureus,PEN,Penicillin,Penicillins,12,4,-0.03180843818873118,0.020338080401288615
S. aureus,PEN,Penicillin,Penicillins,12,5,6.97208484928211e-4,0.019449710841702272
S. aureus,PEN,Penicillin,Penicillins,12,6,-0.030984628838797906,0.019446788303819407
S. aureus,PEN,Penicillin,Penicillins,12,7,-0.009047602367021573,0.018432560036106063
S. aureus,PEN,Penicillin,Penicillins,12,8,0.014850709164336501,0.018219534357134973
S. aureus,PEN,Penicillin,Penicillins,12,9,0.02378708010131308,0.018353839409661583
S. aureus,PEN,Penicillin,Penicillins,12,10,-0.02320860649003474,0.019503934860887424
S. aureus,PEN,Penicillin,Penicillins,12,11,0.007861780758160537,0.019616392653553267
S. aureus,PEN,Penicillin,Penicillins,12,12,0.026805484708135933,0.019607028563654337
S. aureus,TET,Tetracycline,Tetracyclines,12,1,0.003205225600669831,0.016161848297143636
S. aureus,TET,Tetracycline,Tetracyclines,12,2,-0.00662350749310233,0.016699750424435778
S. aureus,TET,Tetracycline,Tetracyclines,12,3,-0.02174627699898315,0.01539979533480558
S. aureus,TET,Tetracycline,Tetracyclines,12,4,-0.01330747858778524,0.016169373427512367
S. aureus,TET,Tetracycline,Tetracyclines,12,5,0.010292546528850782,0.015761270017815087
S. aureus,TET,Tetracycline,Tetracyclines,12,6,-0.017139296949935635,0.015038447588215726
S. aureus,TET,Tetracycline,Tetracyclines,12,7,-0.007369652429254522,0.014719312029771803
S. aureus,TET,Tetracycline,Tetracyclines,12,8,0.004993056258435744,0.014938821303132819
S. aureus,TET,Tetracycline,Tetracyclines,12,9,0.01461733067049259,0.015366806333305928
S. aureus,TET,Tetracycline,Tetracyclines,12,10,0.01780757876136137,0.015634033067616834
S. aureus,TET,Tetracycline,Tetracyclines,12,11,0.00933850182280271,0.015868809859296062
S. aureus,TET,Tetracycline,Tetracyclines,12,12,0.006140088974214243,0.015649167433919104
E. coli,AMC,Amoxicillin/Clavulanate,Penicillins,6,1,-0.005893992295220063,0.01304320271295397
E. coli,AMC,Amoxicillin/Clavulanate,Penicillins,6,2,0.004025854455551937,0.013907148231630691
E. coli,AMC,Amoxicillin/Clavulanate,Penicillins,6,3,0.027722148327675607,0.013087832036809067
E. coli,AMC,Amoxicillin/Clavulanate,Penicillins,6,4,0.010403002517371428,0.013366251348397917
E. coli,AMC,Amoxicillin/Clavulanate,Penicillins,6,5,-0.01254327763611835,0.012702208277224751
E. coli,AMC,Amoxicillin/Clavulanate,Penicillins,6,6,-0.02220635743532109,0.012372129799305603
E. coli,AMC,Amoxicillin/Clavulanate,Penicillins,6,7,0.0026796634405008165,0.012355902156405358
E. coli,AMC,Amoxicillin/Clavulanate,Penicillins,6,8,0.004256819368896457,0.012244233090377263
E. coli,AMC,Amoxicillin/Clavulanate,Penicillins,6,9,0.006682939882003888,0.012345316239089583
E. coli,AMC,Amoxicillin/Clavulanate,Penicillins,6,10,-0.009127859715482814,0.011989727998779337
E. coli,AMC,Amoxicillin/Clavulanate,Penicillins,6,11,-0.005232581933150255,0.012600978433436973
E. coli,AMC,Amoxicillin/Clavulanate,Penicillins,6,12,0.0020833338402876044,0.01279571981017515
E. coli,AMP,Ampicillin,Penicillins,6,1,-0.03669904487829053,0.017702051202092246
E. coli,AMP,Ampicillin,Penicillins,6,2,-0.00419671138370913,0.018699354955154218
E. coli,AMP,Ampicillin,Penicillins,6,3,0.021001997409451127,0.017511057386565464
E. coli,AMP,Ampicillin,Penicillins,6,4,0.019165661913064024,0.017646176490028587
E. coli,AMP,Ampicillin,Penicillins,6,5,0.01563362420945542,0.017282653224341814
E. coli,AMP,Ampicillin,Penicillins,6,6,-0.0044875115620589085,0.0171364273593104
E. coli,AMP,Ampicillin,Penicillins,6,7,-0.02754834527451285,0.016649570272672193
E. coli,AMP,Ampicillin,Penicillins,6,8,-0.052421234148097934,0.016137731377740588
E. coli,AMP,Ampicillin,Penicillins,6,9,-0.010470108226701134,0.016368577665868047
E. coli,AMP,Ampicillin,Penicillins,6,10,0.03321075713470517,0.016125536638151385
E. coli,AMP,Ampicillin,Penicillins,6,11,0.031931823684347896,0.016939636458463102
E. coli,AMP,Ampicillin,Penicillins,6,12,0.020977093631272845,0.01710435467745267
E. coli,CIP,Ciprofloxacin,Quinolones,12,1,0.020452326767614718,0.015968664674310244
E. coli,CIP,Ciprofloxacin,Quinolones,12,2,0.03128015696538026,0.016948289975646166
E. coli,CIP,Ciprofloxacin,Quinolones,12,3,0.051411583050494786,0.016130079964978096
E. coli,CIP,Ciprofloxacin,Quinolones,12,4,0.03888419870593302,0.016213140183584565
E. coli,CIP,Ciprofloxacin,Quinolones,12,5,0.04007295229070239,0.01595728861894895
E. coli,CIP,Ciprofloxacin,Quinolones,12,6,-0.004660882273078467,0.015493928934090531
E. coli,CIP,Ciprofloxacin,Quinolones,12,7,-0.00821819661874772,0.0152155219723663
E. coli,CIP,Ciprofloxacin,Quinolones,12,8,-0.054573608387892505,0.014606342728068959
E. coli,CIP,Ciprofloxacin,Quinolones,12,9,-0.058009157105030705,0.014765951266952747
E. coli,CIP,Ciprofloxacin,Quinolones,12,10,-0.022520744334318228,0.014808928009528799
E. coli,CIP,Ciprofloxacin,Quinolones,12,11,-0.01856510126940981,0.01567976637781046
E. coli,CIP,Ciprofloxacin,Quinolones,12,12,-0.01680158718925011,0.01581980453205583
E. coli,NIT,Nitrofurantoin,Nitrofurans,12,1,0.03343097509951872,0.007167980155268244
E. coli,NIT,Nitrofurantoin,Nitrofurans,12,2,0.018323630363855384,0.007459621074015424
E. coli,NIT,Nitrofurantoin,Nitrofurans,12,3,0.02000172999425475,0.007047254715548692
E. coli,NIT,Nitrofurantoin,Nitrofurans,12,4,0.003622648794652328,0.007003073447958253
E. coli,NIT,Nitrofurantoin,Nitrofurans,12,5,0.026451501417525093,0.007261128077809864
E. coli,NIT,Nitrofurantoin,Nitrofurans,12,6,-0.0037752336614719534,0.006919651914471884
E. coli,NIT,Nitrofurantoin,Nitrofurans,12,7,-0.02079805924132658,0.006623075025262143
E. coli,NIT,Nitrofurantoin,Nitrofurans,12,8,-0.026035585233644742,0.006431175214458672
E. coli,NIT,Nitrofurantoin,Nitrofurans,12,9,-0.035888870791047536,0.006498765840200704
E. coli,NIT,Nitrofurantoin,Nitrofurans,12,10,-0.02291124131492248,0.006734172912749042
E. coli,NIT,Nitrofurantoin,Nitrofurans,12,11,-0.007065405679912941,0.00717813016864531
E. coli,NIT,Nitrofurantoin,Nitrofurans,12,12,0.014004664058618858,0.007192802711635502
E. coli,TET,Tetracycline,Tetracyclines,6,1,-0.02542179783874265,0.019515188389422053
E. coli,TET,Tetracycline,Tetracyclines,6,2,0.03769486348399146,0.020841286469529475
E. coli,TET,Tetracycline,Tetracyclines,6,3,-0.005125506965465538,0.0196530418288537
E. coli,TET,Tetracycline,Tetracyclines,6,4,-0.022935382424110674,0.019683647579123536
E. coli,TET,Tetracycline,Tetracyclines,6,5,0.021610936120551157,0.019096464519473236
E. coli,TET,Tetracycline,Tetracyclines,6,6,0.018587527928209238,0.018774300690998336
E. coli,TET,Tetracycline,Tetracyclines,6,7,-0.033297379126912205,0.018113773679983503
E. coli,TET,Tetracycline,Tetracyclines,6,8,-0.026316122919821633,0.017523128207980576
E. coli,TET,Tetracycline,Tetracyclines,6,9,0.00871527522875069,0.017811422192888324
E. coli,TET,Tetracycline,Tetracyclines,6,10,0.02134758490337161,0.017704018153871338
E. coli,TET,Tetracycline,Tetracyclines,6,11,-0.0018558045993946823,0.018588391739448967
E. coli,TET,Tetracycline,Tetracyclines,6,12,0.011170762717861346,0.018730077242336333
K. pneumoniae,AMC,Amoxicillin/Clavulanate,Penicillins,12,1,0.013409269218447166,0.026886413638096126
K. pneumoniae,AMC,Amoxicillin/Clavulanate,Penicillins,12,2,0.03481985949725445,0.029990093438285466
K. pneumoniae,AMC,Amoxicillin/Clavulanate,Penicillins,12,3,0.019979171101637556,0.027040220945527018
K. pneumoniae,AMC,Amoxicillin/Clavulanate,Penicillins,12,4,0.04702206427575345,0.028418518279295805
K. pneumoniae,AMC,Amoxicillin/Clavulanate,Penicillins,12,5,0.010341007243188944,0.026110082931655405
K. pneumoniae,AMC,Amoxicillin/Clavulanate,Penicillins,12,6,-0.021155935472295908,0.02396734553729657
K. pneumoniae,AMC,Amoxicillin/Clavulanate,Penicillins,12,7,-4.031458506781491e-5,0.023134528595623028
K. pneumoniae,AMC,Amoxicillin/Clavulanate,Penicillins,12,8,-0.012108218891942777,0.021557009242083834
K. pneumoniae,AMC,Amoxicillin/Clavulanate,Penicillins,12,9,-0.021256962424482936,0.022274956806441905
K. pneumoniae,AMC,Amoxicillin/Clavulanate,Penicillins,12,10,-0.07394870661429719,0.022671683691618368
K. pneumoniae,AMC,Amoxicillin/Clavulanate,Penicillins,12,11,0.005893993599531754,0.025552115979433253
K. pneumoniae,AMC,Amoxicillin/Clavulanate,Penicillins,12,12,-0.0010750548617264953,0.025580994688509707
K. pneumoniae,CIP,Ciprofloxacin,Quinolones,12,1,0.04447147948386258,0.02906574320942934
K. pneumoniae,CIP,Ciprofloxacin,Quinolones,12,2,0.02922974864020326,0.03184649525734975
K. pneumoniae,CIP,Ciprofloxacin,Quinolones,12,3,0.0479681306373326,0.02987966778376236
K. pneumoniae,CIP,Ciprofloxacin,Quinolones,12,4,0.07731187700581074,0.03109286347152371
K. pneumoniae,CIP,Ciprofloxacin,Quinolones,12,5,-0.02162225381029584,0.027416343661927748
K. pneumoniae,CIP,Ciprofloxacin,Quinolones,12,6,-0.022480965206661967,0.025202799507204898
K. pneumoniae,CIP,Ciprofloxacin,Quinolones,12,7,-0.05241551257824871,0.02411494321302675
K. pneumoniae,CIP,Ciprofloxacin,Quinolones,12,8,-0.04914149190717473,0.022584320481855547
K. pneumoniae,CIP,Ciprofloxacin,Quinolones,12,9,-0.03728469831737349,0.023421585060819008
K. pneumoniae,CIP,Ciprofloxacin,Quinolones,12,10,-0.03184817531264229,0.024538805992677805
K. pneumoniae,CIP,Ciprofloxacin,Quinolones,12,11,0.004267421583429359,0.02653169823077414
K. pneumoniae,CIP,Ciprofloxacin,Quinolones,12,12,0.011742903571377465,0.0268013048918622
K. pneumoniae,NIT,Nitrofurantoin,Nitrofurans,12,1,0.044162477153567414,0.02987803892444896
K. pneumoniae,NIT,Nitrofurantoin,Nitrofurans,12,2,0.01912123987645682,0.032326699115869106
K. pneumoniae,NIT,Nitrofurantoin,Nitrofurans,12,3,-0.048813675606914006,0.03012695671499206
K. pneumoniae,NIT,Nitrofurantoin,Nitrofurans,12,4,0.009802959469522152,0.032266969379596264
K. pneumoniae,NIT,Nitrofurantoin,Nitrofurans,12,5,-0.036781769561378824,0.028869895661382053
K. pneumoniae,NIT,Nitrofurantoin,Nitrofurans,12,6,0.0026912331583551605,0.02716263574120689
K. pneumoniae,NIT,Nitrofurantoin,Nitrofurans,12,7,-0.04917643615696609,0.028202079791717446
K. pneumoniae,NIT,Nitrofurantoin,Nitrofurans,12,8,-0.03299384616575433,0.026356637831407917
K. pneumoniae,NIT,Nitrofurantoin,Nitrofurans,12,9,0.0266525798016911,0.0259444981269133
K. pneumoniae,NIT,Nitrofurantoin,Nitrofurans,12,10,-0.03171768471330279,0.027504235976392507
K. pneumoniae,NIT,Nitrofurantoin,Nitrofurans,12,11,0.07996816558406447,0.028397699659955113
K. pneumoniae,NIT,Nitrofurantoin,Nitrofurans,12,12,0.019910574265346873,0.028041692222314864
K. pneumoniae,TET,Tetracycline,Tetracyclines,6,1,-0.01609170659705459,0.03689812072842689
K. pneumoniae,TET,Tetracycline,Tetracyclines,6,2,0.0408607461836469,0.04175580016002226
K. pneumoniae,TET,Tetracycline,Tetracyclines,6,3,-0.004945289275283575,0.03823679182938086
K. pneumoniae,TET,Tetracycline,Tetracyclines,6,4,0.05839607714008876,0.04000625436517276
K. pneumoniae,TET,Tetracycline,Tetracyclines,6,5,-0.053482537321025765,0.03588347364886364
K. pneumoniae,TET,Tetracycline,Tetracyclines,6,6,0.009382064504341142,0.03514246940024829
K. pneumoniae,TET,Tetracycline,Tetracyclines,6,7,-0.01786116591833355,0.033150361776999523
K. pneumoniae,TET,Tetracycline,Tetracyclines,6,8,0.03391890835306402,0.03176285268222227
K. pneumoniae,TET,Tetracycline,Tetracyclines,6,9,0.02222709258196138,0.033167588691069276
K. pneumoniae,TET,Tetracycline,Tetracyclines,6,10,-0.04559186697138085,0.03313053701948484
K. pneumoniae,TET,Tetracycline,Tetracyclines,6,11,-0.014307769917954568,0.035280235229992046
K. pneumoniae,TET,Tetracycline,Tetracyclines,6,12,3.300990937019955e-4,0.03555116727448273
