organism,drug_code,drug_name,drug_class,period,month,seasonal_deviate,sem
S. aureus,CIP,Ciprofloxacin,Quinolones,12,1,0.05053231115770046,0.029837801717868727
S. aureus,CIP,Ciprofloxacin,Quinolones,12,2,0.063974046093249,0.03151255310294872
S. aureus,CIP,Ciprofloxacin,Quinolones,12,3,0.08567736291699656,0.029838380658581184
S. aureus,CIP,Ciprofloxacin,Quinolones,12,4,-0.004806850010028412,0.030159961947774146
S. aureus,CIP,Ciprofloxacin,Quinolones,12,5,0.002666413482407758,0.02885994938237654
S. aureus,CIP,Ciprofloxacin,Quinolones,12,6,-0.057980535503863936,0.02807432445945934
S. aureus,CIP,Ciprofloxacin,Quinolones,12,7,-0.0333625181171457,0.027098501472622022
S. aureus,CIP,Ciprofloxacin,Quinolones,12,8,-0.06583015469957726,0.02648029813359963
S. aureus,CIP,Ciprofloxacin,Quinolones,12,9,-0.04597240390547097,0.027113481406872277
S. aureus,CIP,Ciprofloxacin,Quinolones,12,10,-0.03257539436032646,0.027477186025799658
S. aureus,CIP,Ciprofloxacin,Quinolones,12,11,-0.014400464784508507,0.028513760781497203
S. aureus,CIP,Ciprofloxacin,Quinolones,12,12,0.04792169624574311,0.028842387804613574
S. aureus,ERY,Erythromycin,Macrolides,12,1,0.01734198049792852,0.03990993096855302
S. aureus,ERY,Erythromycin,Macrolides,12,2,0.048147172780436086,0.041999388961291205
S. aureus,ERY,Erythromycin,Macrolides,12,3,0.08956417899847015,0.03965546011558114
S. aureus,ERY,Erythromycin,Macrolides,12,4,0.019389480271739257,0.04087216454659985
S. aureus,ERY,Erythromycin,Macrolides,12,5,-0.017824235342561195,0.039031209068191165
S. aureus,ERY,Erythromycin,Macrolides,12,6,-0.11540732505303022,0.03854641584160096
S. aureus,ERY,Erythromycin,Macrolides,12,7,-0.005836834183046207,0.03711557688283213
S. aureus,ERY,Erythromycin,Macrolides,12,8,-0.05531524921878572,0.03665501435841495
S. aureus,ERY,Erythromycin,Macrolides,12,9,0.005203161013222653,0.0372571389473665
S. aureus,ERY,Erythromycin,Macrolides,12,10,-0.020420858493702086,0.03768753485981023
S. aureus,ERY,Erythromycin,Macrolides,12,11,3.877372557575814e-4,0.03907690834923919
S. aureus,ERY,Erythromycin,Macrolides,12,12,0.03137933815445127,0.03897967520833798
S. aureus,NIT,Nitrofurantoin,Nitrofurans,12,1,0.015514527813808729,0.00963962512232545
S. aureus,NIT,Nitrofurantoin,Nitrofurans,12,2,0.029950558497063597,0.010255774489969012
S. aureus,NIT,Nitrofurantoin,Nitrofurans,12,3,0.03604159958944186,0.009661380535144759
S. aureus,NIT,Nitrofurantoin,Nitrofurans,12,4,0.04465021852499779,0.00982346546971629
S. aureus,NIT,Nitrofurantoin,Nitrofurans,12,5,-0.011858799965353268,0.009769712482333017
S. aureus,NIT,Nitrofurantoin,Nitrofurans,12,6,-0.013447268516856877,0.00931879574893738
S. aureus,NIT,Nitrofurantoin,Nitrofurans,12,7,-0.03755563214272615,0.009096613572868095
S. aureus,NIT,Nitrofurantoin,Nitrofurans,12,8,-0.04726602355164127,0.008980245926731897
S. aureus,NIT,Nitrofurantoin,Nitrofurans,12,9,-0.01557094319469027,0.008978876065823175
S. aureus,NIT,Nitrofurantoin,Nitrofurans,12,10,-0.0026588297732392284,0.009235338607538647
S. aureus,NIT,Nitrofurantoin,Nitrofurans,12,11,0.011150600872891008,0.009684712400413024
S. aureus,NIT,Nitrofurantoin,Nitrofurans,12,12,-0.007596255302637072,0.009446076170855989
S. aureus,OXA,Oxacillin,Penicillins,12,1,0.03861287299997243,0.02790852244427038
S. aureus,OXA,Oxacillin,Penicillins,12,2,0.011057529465187566,0.02980889911436965
S. aureus,OXA,Oxacillin,Penicillins,12,3,0.03401840463550126,0.02800907606808356
S. aureus,OXA,Oxacillin,Penicillins,12,4,0.0048838603775481545,0.028782849914203597
S. aureus,OXA,Oxacillin,Penicillins,12,5,-0.03054562761471391,0.027039778542105073
S. aureus,OXA,Oxacillin,Penicillins,12,6,-0.05213050265129436,0.026994836814913683
S. aureus,OXA,Oxacillin,Penicillins,12,7,0.004460039211893864,0.02590179114869835
S. aureus,OXA,Oxacillin,Penicillins,12,8,-0.04728988618954796,0.02519790688898147
S. aureus,OXA,Oxacillin,Penicillins,12,9,0.007154532916790423,0.025658511411731477
S. aureus,OXA,Oxacillin,Penicillins,12,10,-0.01878694206868185,0.02585942123876387
S. aureus,OXA,Oxacillin,Penicillins,12,11,0.0028654958348827233,0.026817677920026664
S. aureus,OXA,Oxacillin,Penicillins,12,12,0.042627072374131166,0.026790700087075302
S. aureus,PEN,Penicillin,Penicillins,12,1,0.02087102592529625,0.018955731069726558
S. aureus,PEN,Penicillin,Penicillins,12,2,-0.03165453099666888,0.02076675700759814
S. aureus,PEN,Penicillin,Penicillins,12,3,0.02627576039273849,0.01873366154013895
S. aureus,PEN,Penicillin,Penicillins,12,4,-0.03180842511524175,0.0203380804065633
S. aureus,PEN,Penicillin,Penicillins,12,5,6.972164622781019e-4,0.019449710842539564
S. aureus,PEN,Penicillin,Penicillins,12,6,-0.0309846263307628,0.01944678830340999
S. aureus,PEN,Penicillin,Penicillins,12,7,-0.009047605212240796,0.018432560036123178
S. aureus,PEN,Penicillin,Penicillins,12,8,0.014850700879660955,0.018219534357035307
S. aureus,PEN,Penicillin,Penicillins,12,9,0.023787066450831774,0.018353839411577397
S. aureus,PEN,Penicillin,Penicillins,12,10,-0.02320862565327042,0.01950393486430569
S. aureus,PEN,Penicillin,Penicillins,12,11,0.007861756152262648,0.019616392648751927
S. aureus,PEN,Penicillin,Penicillins,12,12,0.02680545444767559,0.019607028561536757
S. aureus,TET,Tetracycline,Tetracyclines,12,1,0.003205222386290277,0.016161848299678018
S. aureus,TET,Tetracycline,Tetracyclines,12,2,-0.006623509799586969,0.016699750420531893
S. aureus,TET,Tetracycline,Tetracyclines,12,3,-0.021746278805283348,0.015399795335497657
S. aureus,TET,Tetracycline,Tetracyclines,12,4,-0.013307479942619917,0.016169373428754456
S. aureus,TET,Tetracycline,Tetracyclines,12,5,0.010292547378594438,0.01576127001646979
S. aureus,TET,Tetracycline,Tetracyclines,12,6,-0.017139295945148205,0.015038447590720436
S. aureus,TET,Tetracycline,Tetracyclines,12,7,-0.007369651398964779,0.014719312029562077
S. aureus,TET,Tetracycline,Tetracyclines,12,8,0.004993057341367165,0.014938821303400431
S. aureus,TET,Tetracycline,Tetracyclines,12,9,0.014617331740525591,0.015366806335419453
S. aureus,TET,Tetracycline,Tetracyclines,12,10,0.017807580069904252,0.01563403306394491
S. aureus,TET,Tetracycline,Tetracyclines,12,11,0.009338502935233388,0.015868809860315934
S. aureus,TET,Tetracycline,Tetracyclines,12,12,0.006140090151697398,0.015649167431992256
E. coli,AMP,Ampicillin,Penicillins,6,1,-0.03669902963470557,0.017702051199807195
E. coli,AMP,Ampicillin,Penicillins,6,2,-0.004196698724527697,0.018699354957646883
E. coli,AMP,Ampicillin,Penicillins,6,3,0.02100200727619405,0.017511057387441027
E. coli,AMP,Ampicillin,Penicillins,6,4,0.01916566896541978,0.017646176488125814
E. coli,AMP,Ampicillin,Penicillins,6,5,0.015633628801807152,0.01728265322387845
E. coli,AMP,Ampicillin,Penicillins,6,6,-0.0044875097378401846,0.01713642735945173
E. coli,AMP,Ampicillin,Penicillins,6,7,-0.027548346220925717,0.016649570272530407
E. coli,AMP,Ampicillin,Penicillins,6,8,-0.05242123762280592,0.016137731376410364
E. coli,AMP,Ampicillin,Penicillins,6,9,-0.01047011456138806,0.016368577665942054
E. coli,AMP,Ampicillin,Penicillins,6,10,0.03321074797954202,0.016125536642640905
E. coli,AMP,Ampicillin,Penicillins,6,11,0.031931812002641405,0.016939636456893083
E. coli,AMP,Ampicillin,Penicillins,6,12,0.020977078911363026,0.017104354676759453
E. coli,CIP,Ciprofloxacin,Quinolones,12,1,0.020452263059223222,0.015968664668038302
E. coli,CIP,Ciprofloxacin,Quinolones,12,2,0.03128010354937337,0.0169482899755202
E. coli,CIP,Ciprofloxacin,Quinolones,12,3,0.05141154300108655,0.01613007996127323
E. coli,CIP,Ciprofloxacin,Quinolones,12,4,0.03888416977903471,0.01621314018233117
E. coli,CIP,Ciprofloxacin,Quinolones,12,5,0.040072934935661414,0.01595728862246419
E. coli,CIP,Ciprofloxacin,Quinolones,12,6,-0.0046608879777763415,0.015493928934391724
E. coli,CIP,Ciprofloxacin,Quinolones,12,7,-0.008218190835666498,0.01521552197229547
E. coli,CIP,Ciprofloxacin,Quinolones,12,8,-0.05457359163482115,0.014606342726706347
E. coli,CIP,Ciprofloxacin,Quinolones,12,9,-0.05800912816542152,0.014765951265328958
E. coli,CIP,Ciprofloxacin,Quinolones,12,10,-0.02252070356626382,0.01480892801016447
E. coli,CIP,Ciprofloxacin,Quinolones,12,11,-0.018565049951271208,0.015679766383840676
E. coli,CIP,Ciprofloxacin,Quinolones,12,12,-0.016801522795559187,0.01581980453555062
E. coli,NIT,Nitrofurantoin,Nitrofurans,12,1,0.03343097318998141,0.007167980160686058
E. coli,NIT,Nitrofurantoin,Nitrofurans,12,2,0.018323629570537295,0.007459621076112503
E. coli,NIT,Nitrofurantoin,Nitrofurans,12,3,0.02000172883157626,0.00704725471369526
E. coli,NIT,Nitrofurantoin,Nitrofurans,12,4,0.003622647678237435,0.007003073452315589
E. coli,NIT,Nitrofurantoin,Nitrofurans,12,5,0.026451500883600595,0.0072611280756057755
E. coli,NIT,Nitrofurantoin,Nitrofurans,12,6,-0.00377523382664676,0.006919651914051165
E. coli,NIT,Nitrofurantoin,Nitrofurans,12,7,-0.02079805865459678,0.006623075024956422
E. coli,NIT,Nitrofurantoin,Nitrofurans,12,8,-0.026035584251026634,0.006431175216702767
E. coli,NIT,Nitrofurantoin,Nitrofurans,12,9,-0.03588886932000941,0.006498765846021178
E. coli,NIT,Nitrofurantoin,Nitrofurans,12,10,-0.022911239482019372,0.0067341729256262355
E. coli,NIT,Nitrofurantoin,Nitrofurans,12,11,-0.007065403897108576,0.007178130151162782
E. coli,NIT,Nitrofurantoin,Nitrofurans,12,12,0.014004666557668494,0.007192802699007971
E. coli,AMC,Amoxicillin/Clavulanate,Penicillins,6,1,-0.005894005876869316,0.013043202700647651
E. coli,AMC,Amoxicillin/Clavulanate,Penicillins,6,2,0.004025843261530805,0.013907148227630624
E. coli,AMC,Amoxicillin/Clavulanate,Penicillins,6,3,0.02772213994407058,0.013087832039617633
E. coli,AMC,Amoxicillin/Clavulanate,Penicillins,6,4,0.010402996692679238,0.013366251347528925
E. coli,AMC,Amoxicillin/Clavulanate,Penicillins,6,5,-0.012543280847879307,0.012702208278437386
E. coli,AMC,Amoxicillin/Clavulanate,Penicillins,6,6,-0.02220635823708716,0.01237212979946795
E. coli,AMC,Amoxicillin/Clavulanate,Penicillins,6,7,0.0026796648668192887,0.012355902156026445
E. coli,AMC,Amoxicillin/Clavulanate,Penicillins,6,8,0.0042568230166311425,0.012244233087986348
E. coli,AMC,Amoxicillin/Clavulanate,Penicillins,6,9,0.006682945940544604,0.012345316236506875
E. coli,AMC,Amoxicillin/Clavulanate,Penicillins,6,10,-0.009127851514255087,0.01198972799724178
E. coli,AMC,Amoxicillin/Clavulanate,Penicillins,6,11,-0.005232570824442267,0.012600978438954483
E. coli,AMC,Amoxicillin/Clavulanate,Penicillins,6,12,0.0020833468262360035,0.012795719823200566
E. coli,TET,Tetracycline,Tetracyclines,6,1,-0.0254212298169189,0.019515188309704473
E. coli,TET,Tetracycline,Tetracyclines,6,2,0.03769532558143602,0.0208412865330922
E. coli,TET,Tetracycline,Tetracyclines,6,3,-0.005125150840292655,0.01965304171919944
E. coli,TET,Tetracycline,Tetracyclines,6,4,-0.022935117221881806,0.019683647589114454
E. coli,TET,Tetracycline,Tetracyclines,6,5,0.0216110956251812,0.019096464541921352
E. coli,TET,Tetracycline,Tetracyclines,6,6,0.01858758700812797,0.01877430069668717
E. coli,TET,Tetracycline,Tetracyclines,6,7,-0.03329741665125604,0.018113773682710325
E. coli,TET,Tetracycline,Tetracyclines,6,8,-0.026316248126859558,0.01752312816005382
E. coli,TET,Tetracycline,Tetracyclines,6,9,0.008715051628349065,0.017811422191379066
E. coli,TET,Tetracycline,Tetracyclines,6,10,0.021347259337304005,0.01770401817506026
E. coli,TET,Tetracycline,Tetracyclines,6,11,-0.0018562090700139388,0.018588391812179514
E. coli,TET,Tetracycline,Tetracyclines,6,12,0.01117024140909015,0.018730077284932155
K. pneumoniae,CIP,Ciprofloxacin,Quinolones,12,1,0.04447150177264804,0.029065743187179013
K. pneumoniae,CIP,Ciprofloxacin,Quinolones,12,2,0.029229765265619212,0.03184649525878769
K. pneumoniae,CIP,Ciprofloxacin,Quinolones,12,3,0.04796814474541841,0.029879667792131488
K. pneumoniae,CIP,Ciprofloxacin,Quinolones,12,4,0.07731188542042791,0.031092863475443627
K. pneumoniae,CIP,Ciprofloxacin,Quinolones,12,5,-0.021622248359220622,0.027416343672281254
K. pneumoniae,CIP,Ciprofloxacin,Quinolones,12,6,-0.02248096377367498,0.02520279950627173
K. pneumoniae,CIP,Ciprofloxacin,Quinolones,12,7,-0.052415514892797374,0.024114943214529467
K. pneumoniae,CIP,Ciprofloxacin,Quinolones,12,8,-0.04914149876351469,0.02258432048258258
K. pneumoniae,CIP,Ciprofloxacin,Quinolones,12,9,-0.03728470813791619,0.023421585043270167
K. pneumoniae,CIP,Ciprofloxacin,Quinolones,12,10,-0.03184819027238905,0.024538806010298345
K. pneumoniae,CIP,Ciprofloxacin,Quinolones,12,11,0.0042674056947606025,0.02653169825415335
K. pneumoniae,CIP,Ciprofloxacin,Quinolones,12,12,0.0117428834869795,0.02680130486756994
K. pneumoniae,NIT,Nitrofurantoin,Nitrofurans,12,1,0.04416614991935912,0.029878038843880038
K. pneumoniae,NIT,Nitrofurantoin,Nitrofurans,12,2,0.019124248162144645,0.03232669895744645
K. pneumoniae,NIT,Nitrofurantoin,Nitrofurans,12,3,-0.048811334848742415,0.030126956821003886
K. pneumoniae,NIT,Nitrofurantoin,Nitrofurans,12,4,0.009804612960401122,0.03226696934393366
K. pneumoniae,NIT,Nitrofurantoin,Nitrofurans,12,5,-0.03678078261216311,0.028869895204426455
K. pneumoniae,NIT,Nitrofurantoin,Nitrofurans,12,6,0.002691523155189315,0.027162636087187948
K. pneumoniae,NIT,Nitrofurantoin,Nitrofurans,12,7,-0.04917692470113521,0.028202079855509633
K. pneumoniae,NIT,Nitrofurantoin,Nitrofurans,12,8,-0.032995035478812114,0.02635663790819163
K. pneumoniae,NIT,Nitrofurantoin,Nitrofurans,12,9,0.026650689198356992,0.025944498168850118
K. pneumoniae,NIT,Nitrofurantoin,Nitrofurans,12,10,-0.031720279432291644,0.027504235989290984
K. pneumoniae,NIT,Nitrofurantoin,Nitrofurans,12,11,0.07996487576902152,0.02839769955930295
K. pneumoniae,NIT,Nitrofurantoin,Nitrofurans,12,12,0.019906592179261023,0.028041692199793033
K. pneumoniae,AMC,Amoxicillin/Clavulanate,Penicillins,12,1,0.01340928513800614,0.026886413636277775
K. pneumoniae,AMC,Amoxicillin/Clavulanate,Penicillins,12,2,0.034819872441140175,0.029990093430708357
K. pneumoniae,AMC,Amoxicillin/Clavulanate,Penicillins,12,3,0.019979181138649275,0.02704022093929589
K. pneumoniae,AMC,Amoxicillin/Clavulanate,Penicillins,12,4,0.047022071608781524,0.028418518271417018
K. pneumoniae,AMC,Amoxicillin/Clavulanate,Penicillins,12,5,0.010341011184978741,0.026110082941286264
K. pneumoniae,AMC,Amoxicillin/Clavulanate,Penicillins,12,6,-0.021155934045916713,0.0239673455379324
K. pneumoniae,AMC,Amoxicillin/Clavulanate,Penicillins,12,7,-4.0316134790810964e-5,0.02313452859563546
K. pneumoniae,AMC,Amoxicillin/Clavulanate,Penicillins,12,8,-0.01210822337511876,0.021557009241022045
K. pneumoniae,AMC,Amoxicillin/Clavulanate,Penicillins,12,9,-0.021256969865918483,0.0222749568071985
K. pneumoniae,AMC,Amoxicillin/Clavulanate,Penicillins,12,10,-0.07394871716549814,0.02267168369723115
K. pneumoniae,AMC,Amoxicillin/Clavulanate,Penicillins,12,11,0.005893980827084003,0.025552115979895044
K. pneumoniae,AMC,Amoxicillin/Clavulanate,Penicillins,12,12,-0.0010750708700523184,0.025580994688974082
K. pneumoniae,TET,Tetracycline,Tetracyclines,6,1,-0.01609166939916174,0.03689812082405379
K. pneumoniae,TET,Tetracycline,Tetracyclines,6,2,0.040860776428807914,0.04175580010978775
K. pneumoniae,TET,Tetracycline,Tetracyclines,6,3,-0.004945266227897253,0.038236791787767836
K. pneumoniae,TET,Tetracycline,Tetracyclines,6,4,0.05839609430072451,0.04000625436045067
K. pneumoniae,TET,Tetracycline,Tetracyclines,6,5,-0.053482525382335576,0.03588347364344395
K. pneumoniae,TET,Tetracycline,Tetracyclines,6,6,0.009382070844718534,0.035142469393675935
K. pneumoniae,TET,Tetracycline,Tetracyclines,6,7,-0.017861166182838225,0.033150361776502754
K. pneumoniae,TET,Tetracycline,Tetracyclines,6,8,0.033918902029010774,0.03176285267648969
K. pneumoniae,TET,Tetracycline,Tetracyclines,6,9,0.02222707907258075,0.03316758870186462
K. pneumoniae,TET,Tetracycline,Tetracyclines,6,10,-0.04559188675186023,0.03313053701848259
K. pneumoniae,TET,Tetracycline,Tetracyclines,6,11,-0.01430779548899114,0.035280235238682685
K. pneumoniae,TET,Tetracycline,Tetracyclines,6,12,3.3006599537010176e-4,0.03555116726432647
